entityId1,entityId2
2293,18382
1144,11350
362,14819
66,23006
1348,31286
889,12044
2286,10781
45,57521
1474,24934
449,11702
2237,23043
1383,40677
197,40815
188,57945
894,40310
2235,6829
2454,13226
758,35218
327,30031
2056,13497
2305,37888
870,5447
143,49407
1157,51267
1552,18487
2115,33204
78,30252
55,19874
1664,1020
1756,58917
26,42771
2275,11753
105,3449
1027,4754
1971,36994
1313,50648
2104,30049
2278,52472
935,53359
1222,54118
1494,31541
2245,22455
1401,2400
2256,29743
1858,13619
865,18215
194,16572
2067,41341
96,16520
195,12398
789,4059
960,2153
2042,22941
1302,39303
1885,35977
1581,20247
963,26490
905,10825
7,32111
428,1268
338,21025
890,3884
1363,17875
544,32604
1629,8083
2037,11082
1306,18513
1960,1100
757,51798
1295,7145
1463,25974
1732,48701
1605,30577
604,35840
2097,26607
1876,8085
1479,28752
2421,57061
1883,27994
2082,48341
1536,60898
1444,3004
150,53062
1180,8535
1669,31455
1013,12175
2500,7546
1240,34303
516,37052
202,18057
1036,18466
1912,23587
1831,18038
559,37596
2160,52175
2171,26681
2206,52448
74,8225
270,4247
1895,33213
187,31618
1566,19559
877,31696
1900,24611
2094,16700
352,5639
1792,805
129,36440
612,8639
1896,49528
1737,21764
660,561
1935,8261
322,53195
2415,2358
2264,13721
2039,49954
2073,47132
18,25181
480,35990
1046,16518
2496,36593
2184,13343
2106,19830
475,7746
390,14804
1839,1038
888,34914
1360,12128
1621,39614
2165,10846
336,35679
713,292
77,44890
1506,4108
525,19999
145,31058
610,655
2138,808
1961,22486
833,6725
558,40632
591,2235
52,26493
1646,37551
1612,3510
574,36420
2058,15651
1524,35404
1125,7080
2013,23488
1244,50450
157,20679
1862,15540
315,582
2515,39172
1564,44375
2289,16968
2066,47769
2129,46631
1224,43925
94,31221
1262,8007
488,1394
1685,13858
2296,57360
2072,14505
247,26720
1482,2042
491,22857
1848,57682
1983,9612
1546,54075
1247,25651
765,16517
54,16105
246,16555
2214,12955
1257,18664
1810,42396
332,9424
2467,4254
1957,1528
241,21076
2395,14330
1380,57615
1333,24650
2348,59195
770,1749
2060,1180
1642,52257
1562,22033
1492,3271
2317,16715
422,38835
2309,50149
721,5828
2495,26530
1076,5037
178,26326
1856,46793
2484,43824
1984,7501
2053,26356
347,16
2199,10145
2491,6394
1606,2027
2382,3156
2038,23515
65,39827
2221,37004
1181,49598
446,8206
508,27635
434,9201
2225,28489
690,28915
415,59932
812,2409
753,27787
2285,39903
1317,5554
1449,6893
1953,46979
368,18795
1275,54104
2325,57067
1776,28911
291,57958
1309,6234
85,1333
1135,41167
1752,10439
717,2137
790,12461
1406,18680
1774,12711
1638,3525
1699,2556
1780,20410
2499,5794
1727,12526
2078,28452
1929,3955
100,116
2353,9729
1495,7213
764,43310
533,21526
1024,58598
1080,25278
6,16121
1721,49902
1117,34502
2291,10789
879,50166
1289,48906
806,7083
284,32044
653,30087
1357,8519
1656,8278
2261,39990
802,34110
239,48079
1451,21213
698,18180
220,45567
1542,17760
707,37917
1370,60711
337,11287
638,31360
103,14326
1543,1307
19,4918
1502,37482
2422,51236
1456,12626
208,22006
1233,14757
2114,15361
2280,17969
1486,18336
1083,47693
2166,39733
2217,2733
312,9297
1865,31951
81,61242
853,1262
2152,8138
165,33809
476,32572
939,6438
2368,39377
1003,50279
2271,14669
568,8564
2190,5014
2437,25469
436,60492
34,7840
2322,59598
1249,17592
762,8859
1231,31373
984,47784
1436,6172
785,6956
84,48758
1746,5026
416,37592
72,45664
2122,27069
1223,7476
160,21979
2107,52890
53,6291
1256,21129
542,6666
497,6309
839,2499
1373,36005
1111,405
1982,38703
2410,19564
2341,8917
1693,13553
330,48856
1775,43609
1822,2850
1170,3717
677,61021
2357,3505
1730,26875
684,31779
1602,45698
113,17732
104,2097
805,9456
991,22692
251,22819
2469,51720
2161,7653
139,3446
431,7890
1743,9588
426,36981
342,39857
561,17588
1736,30660
1964,7643
163,50628
248,51769
483,44552
1540,51033
2475,14399
185,44720
2434,58755
2488,54274
2119,48039
1889,5697
56,55434
970,49206
298,10774
462,9450
2374,2304
2100,475
899,1857
324,49581
1717,40462
1869,23757
1429,52082
1711,28683
1448,1360
1458,12822
1855,8540
511,5406
2133,14138
439,3192
2112,3599
2456,52867
1152,9554
1284,35462
1077,3495
549,6360
1708,33048
863,33555
1843,25941
2508,36280
2345,673
41,15779
27,21036
1994,1137
1195,26499
2089,1446
2153,24810
1574,3239
2391,9157
311,5673
1143,2163
253,6398
2080,14502
652,1956
1760,32876
1061,33549
1322,32366
111,1807
1267,16456
1706,505
1748,58460
1850,37709
1840,13962
1337,10654
1716,57022
344,35732
295,43896
718,53843
17,9628
1477,7231
1805,37357
2312,44429
255,22649
1123,57106
1647,25902
214,39993
779,17676
151,41133
605,28031
666,51639
1782,8173
1070,26313
510,3161
282,1605
872,46847
2144,14999
354,12018
651,36520
1766,50478
952,11541
458,36164
2351,51080
240,17394
996,16087
529,9790
1147,40419
1399,35886
137,17754
1174,9508
827,9641
1829,4299
613,31503
1515,13983
2355,13898
584,21628
86,22002
1749,23234
106,49016
242,4959
1871,49977
944,57291
1454,23162
1168,10033
1807,47114
2492,2547
1595,7370
349,57540
1320,5619
1527,727
1689,36436
1742,19747
2384,27909
384,17778
2298,26856
541,29325
747,40896
1025,34212
1603,10812
1713,1682
380,18115
64,3385
503,36580
719,47327
841,29007
1091,12353
792,33084
296,53771
176,39155
1565,22181
1534,57520
2136,15752
1954,39050
1107,47909
1541,11897
1928,37118
116,56445
482,42456
1910,26332
703,32310
1695,7316
1966,29879
2331,3684
775,14053
1567,34332
115,15591
69,15312
2068,5041
1677,4732
1666,17938
1837,44844
2157,1899
206,32761
2413,17514
372,2608
2438,35927
745,37188
343,17304
1382,704
688,25544
373,23018
379,6136
1925,700
484,5615
1281,9095
1909,10218
1079,13573
1990,56755
1398,15775
1598,44232
1627,9057
1253,44201
459,28183
700,4086
2155,51262
2145,11126
1031,17579
898,24526
1182,9143
2093,23646
862,2943
1173,18100
2283,36565
408,36540
467,2970
821,26835
1517,55089
221,27486
702,57195
655,7853
1734,41177
173,39666
1496,48642
1185,45789
1299,3559
1892,28072
832,25939
2017,29983
1218,34859
370,6941
2081,8292
1703,35570
1924,841
1590,28563
62,36610
1098,7963
1137,25207
2485,15723
183,18379
1978,37334
2259,9917
756,19980
159,36763
1641,24347
2405,51044
306,32755
1772,9388
274,31322
1917,17831
1563,6263
1265,35095
1034,5119
1298,7783
2011,26428
1264,31086
2323,29212
1407,6933
743,41568
1015,10804
2459,42511
893,16840
1864,1781
1956,59691
2295,23362
1714,2178
1197,42940
442,13543
1530,48068
365,32225
1443,26617
640,50363
2001,17166
2099,23475
1232,48231
420,39950
2428,22687
885,1354
961,5187
734,9791
1980,27110
1011,7281
2258,40906
1653,7243
1115,601
1832,57928
730,61234
1615,6307
1023,45104
1469,2043
535,3690
1785,4491
1175,28399
1237,4924
271,1030
2490,7424
2306,36924
759,28213
1192,6515
518,31833
1389,18837
1088,21392
2497,12898
1523,46724
1277,19947
444,1115
421,21371
2018,1550
2205,41239
517,40121
35,16544
2276,21104
2480,47081
33,51622
1442,30840
667,3100
599,2506
712,19845
1353,25944
658,12042
593,11199
929,55083
2020,19736
654,24663
2361,16013
275,15162
363,50773
2232,4281
2350,12829
260,25
1952,41772
117,40566
2113,44791
918,35529
1041,19085
580,43103
2181,39148
977,18345
2446,37633
1751,3254
1141,10794
866,15268
60,26792
2301,2665
1166,33303
1165,39609
1194,2307
1493,16478
1374,40616
1012,3159
1283,3113
1312,19219
228,29242
826,34982
1718,16164
2054,23167
934,56665
715,23718
565,38139
2005,6763
2328,6503
377,27201
1778,35774
1836,24885
1867,52960
1293,49478
119,46497
588,38362
1550,30127
1999,3174
1511,29274
838,1234
1950,50179
2282,174
914,5097
720,6938
2015,40694
1535,733
985,7399
1557,39873
335,32681
1884,45499
989,48032
771,14998
1343,26843
910,56713
804,38816
519,40015
1640,10391
424,27420
514,50601
528,43367
32,12782
741,46172
1704,988
1336,58227
1478,11551
3,21408
2077,10990
2075,33754
2435,18150
2197,3148
554,14526
2022,1288
1944,38418
1138,50084
1572,44718
1812,10531
1673,48622
1475,42603
2335,26444
1417,18745
461,42727
2198,39940
454,22827
2401,39476
1813,20622
2464,30148
801,22705
611,3729
590,7450
109,49494
244,23882
1068,39530
577,29013
61,33002
1086,35919
1049,16534
25,25681
2204,2596
1938,14355
750,49550
76,25543
1234,21822
1434,33892
791,21730
1894,57151
686,22252
174,3307
2336,32754
2252,31546
172,7577
1668,2196
1827,38155
683,2035
919,7026
360,4270
767,36027
2163,10270
1700,44608
689,46598
2445,3251
2168,50824
233,2530
2178,17223
526,10981
1241,793
1395,37160
731,2164
262,57475
1334,34041
609,16391
1614,6710
2055,43831
716,48479
1783,9071
2313,22426
2266,5846
800,29220
1593,12550
543,34167
837,30243
1969,26402
1487,58216
2087,49384
30,19412
2441,60958
222,11667
2451,47841
2019,34548
1345,4485
729,39232
2272,25853
463,40828
1814,22904
506,8589
1757,60409
1377,5930
2418,1455
2343,3584
769,11348
191,26561
816,23840
300,29801
2398,11316
1148,4474
1577,13923
1993,36745
1159,52718
2043,16215
1632,17559
2444,19804
794,58453
1199,12551
267,53040
913,32191
739,5677
2440,3764
2260,59666
234,10740
438,30672
1193,58118
2369,13758
1874,13887
1069,35651
1788,37419
1698,3927
1927,44227
1440,23208
1678,44411
1930,3026
410,59553
2209,12636
1187,36020
2063,41136
786,7865
1004,6154
1273,16600
971,12992
1501,1776
1520,16584
2388,1886
2031,2845
1547,38921
1512,21346
2207,37403
2243,9832
1387,39924
397,7411
2479,10738
849,23142
320,34285
534,32907
1400,22475
501,52036
123,1490
993,27588
1423,12376
2241,26408
1741,55619
1811,33425
2396,1253
575,17230
1411,21575
411,2172
196,32305
2460,40999
1607,50367
962,1501
2379,35452
1375,20476
71,50886
1639,35435
1190,7166
1040,35998
1001,2376
1519,4439
1545,2278
232,21149
1684,48089
1556,5472
994,23446
142,57297
457,47540
2120,7815
966,13486
276,9315
2125,27883
1728,56737
608,30918
389,28618
2270,7665
2062,4447
1037,48576
2466,36460
1364,21434
2024,28100
2302,17313
1095,35575
339,57363
2447,13474
624,50095
2111,37266
341,28529
2381,14855
1304,5941
2230,2811
979,45205
1296,31185
1648,51128
1887,55866
39,31172
1804,32135
387,35058
305,54155
1455,36530
1622,34960
238,35146
2023,1676
1246,632
678,35488
579,47806
1430,9939
2226,1222
2033,13145
445,1589
1905,31965
583,6524
2463,18426
148,5770
925,15012
364,133
1422,2434
1665,6839
645,50542
1146,58112
585,6373
1763,27387
225,36256
903,16851
2505,47720
2377,9195
413,178
127,36204
2371,5602
992,29946
615,16185
938,38529
1472,43359
2452,11178
1951,40475
265,37050
813,28430
2059,60178
29,11586
1835,54201
1968,47262
478,31669
2126,46444
883,47211
1221,51922
2159,23220
2103,31971
1988,554
1959,39824
1500,4198
2139,24895
2254,11253
186,47727
1105,12410
1947,16257
628,52006
1368,19264
551,13347
1245,17182
1089,17849
1251,53553
733,10533
1445,586
381,11079
777,10980
299,1505
23,12125
2172,18078
2229,33832
1452,16398
940,58897
161,4777
656,33329
2006,23686
114,4592
1403,28676
2242,4096
1010,16245
1610,7403
1167,14662
2247,34334
2213,12582
120,22466
2003,38209
867,5523
1121,830
95,36839
1140,11548
1740,6802
1726,12066
1058,1974
629,8908
138,16893
1339,44191
2116,179
2307,33484
540,32686
560,35121
983,12303
566,51007
2373,11623
2049,13939
1857,33971
375,25906
926,656
1009,42918
916,26061
876,37574
1970,49178
2333,19048
2344,38610
2047,22305
261,31283
1796,30854
133,58301
1226,348
38,17035
1625,4099
2263,20787
917,17820
1470,16976
1227,49437
959,2052
2143,18468
1531,3732
1021,9199
2338,6391
1229,16519
763,47009
317,14396
340,37068
1707,42389
1342,60396
922,50205
522,9678
2187,14841
695,11705
956,39194
2426,40071
1650,18459
607,2635
1823,14
1112,13970
974,17232
471,34409
10,19424
603,7068
670,58854
169,34905
2215,33027
226,58848
1926,44724
1409,30297
2234,2781
2048,10026
1048,35689
1675,38
122,1960
466,14370
852,6908
80,21832
981,4390
1285,48790
592,20302
675,3247
1379,2156
329,31964
2482,4815
835,47314
1616,35738
356,50212
1916,27225
51,1799
1559,44575
1676,51248
744,13913
2140,25022
1349,21042
635,2485
1189,1564
1216,60763
91,31260
1872,6319
1435,18012
1274,10896
83,3256
2008,31900
2231,9294
1770,6596
2329,5254
2249,24188
2432,13092
2359,19162
1834,21771
1943,25019
28,32412
1030,43457
2358,2866
672,19924
1066,11802
1881,54747
1120,3227
125,20275
1670,19017
891,59099
1738,1083
538,22861
573,7668
1771,6542
22,4252
303,38272
562,29066
2424,34259
947,5301
128,24130
1578,38952
328,44399
2156,19649
1949,45029
289,2582
2064,10905
2076,1722
2141,16806
456,9212
218,294
386,35504
433,43893
1510,28227
1158,32868
639,26797
1781,5739
2189,49704
1946,12530
1020,48425
1051,45852
1619,2810
1067,32243
402,5522
108,9451
685,6616
1821,6541
1583,14004
1084,2179
848,54533
1548,536
2462,22980
1018,3564
523,40558
468,47159
1022,29850
168,31100
440,49481
333,9213
1683,28233
294,37025
231,5394
110,7247
820,46627
2203,21950
2385,27321
1294,44147
1212,18192
2009,33960
134,1169
1873,41157
2487,6579
1462,46602
1087,61342
693,16221
2196,34832
406,48240
2400,50678
1405,55435
1890,39761
285,29617
2227,44555
950,27673
1932,32182
1133,24774
273,14237
681,54099
1149,35740
995,56712
2117,33219
1503,10453
641,12370
359,56257
1483,20314
1311,46877
783,29261
1674,369
1922,20749
40,33595
1178,16969
761,14716
1992,2660
594,28581
2439,14715
2504,25698
2061,1032
1063,38808
1280,12611
2219,53460
2349,54958
2273,44883
2146,10363
2012,1005
1217,34228
318,10539
499,48770
388,638
162,19398
1205,14747
1490,19770
2127,16048
2392,2249
1128,12954
223,2057
2304,58708
179,38481
1764,5235
301,40649
1838,40057
2007,34221
811,10610
2036,48197
292,20921
414,51756
1582,44930
1038,24546
1544,7121
1809,38374
1863,52356
155,22096
1392,42306
1825,22750
829,60368
2498,16058
1102,13142
1936,9453
102,1935
371,53339
828,60462
325,53065
809,604
486,11029
711,16938
875,7431
272,37000
1958,11763
399,42861
2101,8093
2132,9620
278,36523
1255,488
630,19597
2431,13481
567,255
856,33615
1459,20430
601,46586
46,18925
2376,13955
1671,2843
141,19242
1762,28061
400,59191
631,23632
1594,33815
1124,3199
1093,18061
1793,17303
1172,40181
2044,53827
140,19343
1687,54780
1623,2749
2135,58556
101,2104
1901,32933
2200,40885
286,27715
2262,11163
1507,106
366,37464
606,9351
582,7254
1386,6059
2233,25870
2442,12620
509,13318
470,28846
348,22588
1250,5069
1307,37202
988,39102
473,53180
2021,10712
12,9522
1597,21327
589,6691
1362,24454
850,34186
1335,6216
1697,17137
1754,4213
2318,6558
209,58725
1439,18076
1145,13812
714,432
1338,22367
2370,6351
2216,39612
1918,2913
1528,18904
2342,18861
1258,31013
1808,59090
313,19337
1130,12969
67,47953
1413,38637
404,36365
1875,16672
2212,37853
2250,18320
1352,27318
2403,9721
1292,48692
869,55129
1608,1981
824,42478
1799,6613
1202,11108
346,240
735,49875
1206,10780
941,36875
1254,51862
1976,16511
768,26661
532,50349
1859,34423
921,30357
1560,22374
1466,30175
1055,11051
383,13579
1601,2595
1611,9963
36,1425
965,2144
1921,53873
1845,27416
1116,10101
1513,1736
2257,58770
2028,28623
1183,29127
513,6913
2246,2340
374,22550
469,55622
1489,32402
31,10061
674,22230
602,24109
2493,10521
749,48771
772,1810
212,31905
237,17547
1798,60016
2079,16219
279,50929
1914,29912
1880,4062
1210,39204
1005,48036
1371,21754
2486,19326
774,26248
1282,16858
481,17806
682,13414
293,4743
1109,10745
1481,12640
521,30883
1366,22189
1220,30215
2186,27862
1846,2831
1332,37307
170,39546
564,19131
2425,24418
2050,43253
1359,2303
2390,27887
382,40474
2173,37703
1575,60237
587,17835
211,54669
182,18671
385,11554
1081,5446
928,23829
204,16829
297,18860
2427,10015
425,39480
1356,21083
1228,50589
1072,7789
726,22610
546,2297
1290,29051
1062,4529
252,29257
1596,1166
620,10966
401,6147
1308,53745
552,260
1082,19261
464,32121
2085,1547
1215,35307
485,7374
2030,461
2096,33406
21,15667
1305,8947
1287,12965
2419,43468
954,5315
1690,20506
1744,50338
1758,51676
973,48798
447,55599
1719,1643
2183,38490
1705,6911
263,21718
2412,3093
1314,2562
1945,41854
737,1269
2356,24126
287,30407
669,37175
2088,32511
2471,10487
822,2392
858,13302
1191,12767
781,60655
2455,55230
1618,60815
1453,3298
11,26264
15,7909
217,54222
2476,57599
1617,24039
47,5319
1188,26881
1933,28931
673,36859
1768,9925
435,3375
953,11996
2472,6333
479,34930
1522,27846
42,27804
1588,16660
1937,38461
2372,10548
2457,1882
432,3634
2327,29070
2248,16747
50,5076
57,59339
1099,20372
1416,53037
668,43892
2511,48167
900,32753
243,60288
394,37904
2265,7152
2164,1609
345,55925
2040,32393
1236,59793
2315,17711
643,27097
2086,24469
507,58864
75,27517
1733,26738
309,36802
199,35281
1252,36338
659,42157
1723,25960
2032,42885
323,39764
2244,17103
1974,1036
576,12185
1467,51315
112,34316
1586,8669
63,17903
1393,8304
946,10154
2162,5922
455,14042
1962,6146
90,3379
2279,33077
504,55036
2477,16644
1587,51162
1171,2165
572,4333
2194,27847
1097,9910
1989,48967
1920,3052
2380,32900
537,56404
1888,36871
1327,3123
851,20540
1424,56510
1209,23594
175,434
831,9916
2014,15736
2010,51330
1934,26477
2151,35524
1461,201
911,7379
1261,20900
787,1287
2397,57687
1604,31784
1551,927
2288,20066
553,55092
2393,23644
1358,12858
854,36183
405,36588
1150,32101
2375,36917
2465,13065
2461,29790
1851,59939
1092,24631
2046,31465
1354,39747
1219,42767
616,14989
1428,9033
997,16134
1369,34416
844,165
2507,38267
2473,24716
1211,18874
1100,28085
871,2041
1064,10599
2512,46057
2448,18603
198,4654
915,2488
957,23579
2386,7377
1394,7802
1661,6121
2337,40120
1491,3850
1050,48646
193,17374
691,29288
1712,22370
2029,28833
89,30107
1571,58652
2148,47624
126,39325
664,2867
1657,2367
156,8167
650,20415
2509,42244
2481,15897
1681,53632
1108,60235
530,54960
1817,25967
1866,42379
2224,16768
1592,40550
1156,43970
1767,17838
799,20356
550,32833
557,15868
722,10368
704,32344
878,26091
1468,26277
859,44056
1521,30070
1539,53159
1630,57893
1160,60038
736,54270
1939,32253
930,21796
2494,2581
797,24649
1113,14805
2239,7365
933,13362
2420,53783
1569,13827
2407,9808
2506,30271
1131,17419
830,1444
1230,41972
978,26024
1260,41640
1908,142
8,18579
2332,1813
1573,48433
2154,28882
539,7276
1652,919
2408,28288
1330,11265
4,2541
419,17249
2364,11463
2027,31240
418,25525
1410,4633
2300,29061
70,9357
487,36186
1008,29812
2387,42329
843,27130
1686,2222
1509,53775
2433,18041
1310,17049
901,1847
1460,37376
808,5473
190,3521
2299,16895
1412,49553
2316,44162
1797,33993
1078,7652
990,10866
569,21232
1692,14041
725,53349
1291,14563
1828,31435
1473,24037
307,34799
637,19702
2268,60461
1017,53708
203,10676
331,12345
391,60614
20,9485
892,6741
2142,38166
1759,16707
1136,23361
1433,2806
502,39121
2177,43454
2354,45150
361,22156
1279,7407
1620,48734
1913,16228
2169,52319
2366,23681
357,2023
2193,54432
2339,30038
1800,13336
1090,2633
2195,9221
79,29203
1852,41785
2458,48841
2501,24786
2202,8648
417,13449
1346,34644
1316,57618
1043,55701
1599,17753
1179,23941
1347,5901
412,26166
1777,2986
14,2019
2074,744
1028,36647
1634,4503
2084,6348
598,381
648,6753
166,7568
536,52916
1259,11056
500,14944
1101,11882
1408,58368
409,40648
37,24704
2324,57829
847,59882
2128,16759
1755,903
2180,24731
326,13014
1446,28310
250,19321
443,54215
2108,24856
796,49492
2468,31843
1830,16917
980,3789
2223,33459
1263,17170
2147,11095
1476,3585
1026,46799
1879,23385
798,190
257,31036
814,39826
1201,34608
215,3526
578,299
555,3984
2470,60351
2137,61100
1161,1068
164,24154
887,36097
319,15389
874,33089
2274,41544
1271,49295
2052,31297
1997,17707
982,17714
1085,7386
1096,53305
2320,60536
793,8827
1815,53298
836,9354
1529,44273
2188,24114
1328,28191
2150,6787
1753,37973
118,11605
1662,41427
5,45565
2220,3310
181,2286
1702,25824
1658,10767
2429,59697
1931,16781
976,4167
2360,20374
1104,26316
1198,10322
16,22412
1052,22438
2510,16111
823,16875
1820,11945
927,28727
1139,27518
1318,26706
1631,23551
1537,14969
1591,43254
746,47858
2201,33594
1272,20587
1806,840
2105,16982
2346,21555
909,30240
2236,55263
1688,47508
1907,21138
1584,2889
2175,23469
524,2493
1465,4575
671,13136
2130,14926
2450,37521
192,48805
1844,50955
943,39720
1203,18146
2255,463
1973,15675
2045,1513
1329,15883
1019,25235
2071,15747
1986,10517
494,15569
1268,478
1243,14847
2443,5357
1276,16201
216,5881
556,12401
1225,38800
1659,31450
972,6550
2310,51158
642,21663
1819,14085
1891,44973
531,47261
1421,14356
2287,48976
2091,32474
2228,623
1074,10387
1471,34789
213,44997
958,7736
1558,23478
290,9936
998,53572
1323,14309
1613,6628
1378,9747
1773,46594
617,7380
1497,57218
353,37484
132,6678
896,12899
0,21732
932,34491
92,14103
2277,53931
936,9590
1053,12173
2182,53638
1636,33421
2314,1733
2383,101
1761,35343
1499,7942
1204,16044
1391,41486
1303,44692
392,13814
1682,33721
625,31338
124,27867
2211,14388
1326,1837
229,47831
1655,15495
738,26070
776,39297
1301,61259
1238,13245
1075,43159
634,22424
1176,14307
1169,18984
2363,9994
58,37469
1484,9225
951,49368
1126,55329
1720,26506
1672,30489
1155,32441
2208,2391
1340,711
1288,21409
760,44754
1975,13549
264,36779
2294,11653
1163,7221
1425,30530
1561,6960
755,12417
403,8866
1877,5313
493,21879
710,48923
586,59215
283,20800
249,27720
43,61205
472,5118
840,27823
1361,25541
2311,36797
2090,38766
2149,46158
97,11671
945,23206
1239,23387
1450,18160
2319,44344
1016,50089
803,51385
460,2031
1300,18332
912,30059
227,37760
1801,29998
144,36459
515,22053
1941,18384
1214,9094
1351,5913
1437,23360
1418,361
817,9282
314,5975
452,55964
709,1867
1385,35872
135,24938
310,43184
571,1041
1649,1681
1765,16628
2423,19363
1127,24525
1248,18584
1065,37866
1325,40863
489,57003
1576,3651
1177,20385
1791,47251
1680,3213
1991,6079
147,7576
1129,7997
1981,35589
1979,48041
73,34208
644,3201
59,27180
2098,9501
1750,13808
1042,60287
646,44003
48,60873
2326,15160
82,8901
1,56589
1637,19102
2167,40658
1679,27912
171,26104
632,20611
1045,51870
2502,25145
1710,54019
1286,40065
2035,35241
2070,48721
2,60625
2185,35081
1447,2129
942,35858
1532,44231
308,2464
1787,2588
1014,46271
1270,41413
2290,44902
1963,51572
1651,16024
153,50248
906,32809
1795,45043
679,55748
696,46145
1747,36743
964,3428
495,13682
2513,34610
450,25613
2402,19243
1464,19280
24,20020
1142,37821
2218,18143
2004,27717
706,20765
1324,18627
1376,10215
597,54393
931,55343
2449,48128
2406,27133
999,16933
2483,4352
633,18643
1384,54619
1600,12116
897,45889
1044,29592
154,13350
2489,7964
1911,2684
1006,4075
724,35678
1870,42970
1942,20609
49,42564
937,34400
2365,30566
1419,43546
1132,14118
184,51846
1208,44680
1427,55179
728,39468
825,6845
1432,30189
224,44442
1899,48782
1514,11104
1525,59349
1207,28398
1196,21117
1886,33479
210,4656
2057,35676
1995,57203
1906,31823
1266,7126
2269,34471
1331,42689
1414,11224
723,56289
2124,1452
1709,31800
474,40095
1735,21449
158,25365
687,51094
860,32639
2321,1493
618,11767
1184,22134
1420,14840
1555,48688
355,834
2174,42374
2102,19675
754,41454
1508,23929
1002,51495
520,1392
351,19515
131,9102
1725,44741
1344,14923
152,7361
1998,58949
1404,54998
1415,58185
663,5917
44,12237
451,23514
595,44333
1847,14149
1071,49885
857,30793
1518,4605
219,1829
236,29091
2121,32385
2340,30596
256,2862
1200,43293
1341,43878
1350,30848
1315,17369
527,33622
882,16444
1441,15110
818,25860
784,13
1854,42277
395,3631
505,55938
1802,1541
1902,50583
201,3354
1007,1996
1919,16412
621,9462
1457,1514
596,7446
1390,23464
107,43941
2330,35556
1059,30463
1269,33510
732,12548
545,52642
1729,15810
396,60922
694,40289
600,7129
2170,48853
1110,13956
99,3664
350,56559
1035,3800
2430,10902
967,17643
2210,494
1722,36906
2352,50148
2267,3956
1790,23067
1701,38646
1691,31291
1868,37083
740,40593
845,3211
376,33951
1635,35955
280,21445
1538,11239
881,28913
1628,44735
1549,51295
1784,3118
2394,22129
2334,51686
647,15578
1626,32629
662,2050
2411,22847
512,16624
98,1833
13,33467
1365,27748
407,49916
846,13483
895,1226
1504,40796
2478,5010
855,53700
1319,15195
657,20989
810,97
563,53370
2092,4287
1589,21459
868,23963
1715,31485
708,29050
2002,15862
207,17390
441,51215
1660,7385
277,36161
1826,1806
782,10632
1367,11231
1485,9626
1739,25415
1388,9506
819,48541
136,6932
1103,49548
2179,38071
245,1990
815,24312
975,6940
358,41770
570,28270
751,5054
2409,23086
316,37067
955,414
884,47271
1897,12344
581,15074
1972,18407
1915,55905
1526,10372
1898,32748
2109,7042
1154,20772
622,15781
2158,52130
1039,26231
9,21608
788,18395
149,22278
1824,26618
2192,20650
1609,3502
2025,22223
2110,2887
1996,20552
1278,55568
1186,55011
1794,49603
908,45323
1663,40002
1786,29798
1553,32752
1985,37856
1151,584
1164,15893
490,47259
1498,29131
1094,13515
2436,45497
2414,10457
742,46831
302,34203
902,13075
1849,4107
